[
    {
        "src": "スキル",
        "dst": "技能",
        "info": ""
    },
    {
        "src": "アイテム",
        "dst": "道具",
        "info": ""
    },
    {
        "src": "ステータス",
        "dst": "状态",
        "info": ""
    },
    {
        "src": "大事なもの",
        "dst": "重要物品",
        "info": ""
    },
    {
        "src": "セーブ",
        "dst": "保存",
        "info": ""
    },
    {
        "src": "ロード",
        "dst": "读取",
        "info": ""
    },
    {
        "src": "オプション",
        "dst": "选项",
        "info": ""
    },
    {
        "src": "コンティニュー",
        "dst": "继续",
        "info": ""
    },
    {
        "src": "ニューゲーム",
        "dst": "重新开始",
        "info": ""
    },
    {
        "src": "タイトルへ",
        "dst": "返回标题",
        "info": ""
    },
    {
        "src": "",
        "dst": ""
    }
]