[
    {
        "src": "スキル",
        "dst": "技能",
        "info": ""
    },
    {
        "src": "アイテム",
        "dst": "道具",
        "info": ""
    },
    {
        "src": "ステータス",
        "dst": "狀態",
        "info": ""
    },
    {
        "src": "大事なもの",
        "dst": "重要物品",
        "info": ""
    },
    {
        "src": "セーブ",
        "dst": "存檔",
        "info": ""
    },
    {
        "src": "ロード",
        "dst": "讀取",
        "info": ""
    },
    {
        "src": "オプション",
        "dst": "選項",
        "info": ""
    },
    {
        "src": "コンティニュー",
        "dst": "繼續",
        "info": ""
    },
    {
        "src": "ニューゲーム",
        "dst": "新遊戲",
        "info": ""
    },
    {
        "src": "タイトルへ",
        "dst": "回到標題畫面",
        "info": ""
    },
    {
        "src": "",
        "dst": ""
    }
]